,power,time
0,343.68795,2017-05-16 00:00:00
1,342.52625,2017-05-16 00:01:00
2,339.14445000000006,2017-05-16 00:02:00
3,299.0042000000001,2017-05-16 00:03:00
4,301.5158833333332,2017-05-16 00:04:00
5,316.56015,2017-05-16 00:05:00
6,310.33439999999996,2017-05-16 00:06:00
7,305.9449000000001,2017-05-16 00:07:00
8,329.1252333333335,2017-05-16 00:08:00
9,324.9373166666667,2017-05-16 00:09:00
10,342.34865,2017-05-16 00:10:00
11,343.19070000000016,2017-05-16 00:11:00
12,354.2174333333333,2017-05-16 00:12:00
13,328.85653333333323,2017-05-16 00:13:00
14,328.23931666666675,2017-05-16 00:14:00
15,327.25975,2017-05-16 00:15:00
16,328.4954,2017-05-16 00:16:00
17,324.9696666666667,2017-05-16 00:17:00
18,349.8103499999999,2017-05-16 00:18:00
19,327.75478333333325,2017-05-16 00:19:00
20,326.0874666666667,2017-05-16 00:20:00
21,751.2395833333334,2017-05-16 00:21:00
22,1051.5303333333336,2017-05-16 00:22:00
23,340.1693833333333,2017-05-16 00:23:00
24,344.80223333333316,2017-05-16 00:24:00
25,343.0581833333333,2017-05-16 00:25:00
26,343.5667833333334,2017-05-16 00:26:00
27,341.8562166666667,2017-05-16 00:27:00
28,624.2444666666665,2017-05-16 00:28:00
29,342.49375000000003,2017-05-16 00:29:00
30,342.54786666666666,2017-05-16 00:30:00
31,625.7398666666666,2017-05-16 00:31:00
32,525.0198333333332,2017-05-16 00:32:00
33,756.3266333333335,2017-05-16 00:33:00
34,305.8260333333333,2017-05-16 00:34:00
35,546.2072666666667,2017-05-16 00:35:00
36,304.6439499999999,2017-05-16 00:36:00
37,505.72965,2017-05-16 00:37:00
38,303.32633333333337,2017-05-16 00:38:00
39,304.10868333333326,2017-05-16 00:39:00
40,303.54448333333335,2017-05-16 00:40:00
41,867.4362833333333,2017-05-16 00:41:00
42,588.0064166666665,2017-05-16 00:42:00
43,303.6599666666666,2017-05-16 00:43:00
44,345.5220500000001,2017-05-16 00:44:00
45,302.49428333333327,2017-05-16 00:45:00
46,300.8794166666667,2017-05-16 00:46:00
47,299.4683166666666,2017-05-16 00:47:00
48,298.88886666666673,2017-05-16 00:48:00
49,297.6633166666666,2017-05-16 00:49:00
50,298.18023333333326,2017-05-16 00:50:00
51,298.29285,2017-05-16 00:51:00
52,297.0050666666666,2017-05-16 00:52:00
53,299.4437166666668,2017-05-16 00:53:00
54,299.8923000000001,2017-05-16 00:54:00
55,301.28458333333333,2017-05-16 00:55:00
56,301.6542500000001,2017-05-16 00:56:00
57,303.7830333333334,2017-05-16 00:57:00
58,303.7841333333333,2017-05-16 00:58:00
59,304.16676666666666,2017-05-16 00:59:00
60,303.48860000000013,2017-05-16 01:00:00
61,301.46064999999993,2017-05-16 01:01:00
62,302.4696333333334,2017-05-16 01:02:00
63,303.6469833333333,2017-05-16 01:03:00
64,302.80708333333337,2017-05-16 01:04:00
65,312.43999999999994,2017-05-16 01:05:00
66,313.2465500000001,2017-05-16 01:06:00
67,315.3274,2017-05-16 01:07:00
68,313.53671666666673,2017-05-16 01:08:00
69,315.38196666666676,2017-05-16 01:09:00
70,316.4366333333334,2017-05-16 01:10:00
71,312.3292,2017-05-16 01:11:00
72,310.1339333333333,2017-05-16 01:12:00
73,329.3200333333333,2017-05-16 01:13:00
74,305.0342999999999,2017-05-16 01:14:00
75,307.20179999999993,2017-05-16 01:15:00
76,305.53936666666675,2017-05-16 01:16:00
77,307.59444999999994,2017-05-16 01:17:00
78,309.83685,2017-05-16 01:18:00
79,310.0427000000001,2017-05-16 01:19:00
80,311.04561666666666,2017-05-16 01:20:00
81,310.77633333333335,2017-05-16 01:21:00
82,311.15123333333327,2017-05-16 01:22:00
83,311.22616666666664,2017-05-16 01:23:00
84,314.7753833333333,2017-05-16 01:24:00
85,313.34291666666667,2017-05-16 01:25:00
86,313.1509833333334,2017-05-16 01:26:00
87,313.4931333333334,2017-05-16 01:27:00
88,312.0245833333334,2017-05-16 01:28:00
89,311.19305,2017-05-16 01:29:00
90,310.2998833333333,2017-05-16 01:30:00
91,308.85993333333334,2017-05-16 01:31:00
92,306.51523333333336,2017-05-16 01:32:00
93,305.52826666666675,2017-05-16 01:33:00
94,304.62858333333344,2017-05-16 01:34:00
95,304.81783333333345,2017-05-16 01:35:00
96,303.6348500000001,2017-05-16 01:36:00
97,302.9208166666667,2017-05-16 01:37:00
98,302.36769999999984,2017-05-16 01:38:00
99,305.0798333333332,2017-05-16 01:39:00
100,305.32566666666673,2017-05-16 01:40:00
101,248.88455,2017-05-16 01:41:00
102,213.7329333333333,2017-05-16 01:42:00
103,212.9320833333333,2017-05-16 01:43:00
104,209.84785,2017-05-16 01:44:00
105,147.91689999999997,2017-05-16 01:45:00
106,149.64558333333332,2017-05-16 01:46:00
107,179.32273333333333,2017-05-16 01:47:00
108,200.32619999999997,2017-05-16 01:48:00
109,200.26183333333336,2017-05-16 01:49:00
110,200.82020000000006,2017-05-16 01:50:00
111,182.5207666666667,2017-05-16 01:51:00
112,256.64205000000004,2017-05-16 01:52:00
113,127.29793333333332,2017-05-16 01:53:00
114,122.26731666666666,2017-05-16 01:54:00
115,122.85368333333335,2017-05-16 01:55:00
116,123.05439999999999,2017-05-16 01:56:00
117,123.0161,2017-05-16 01:57:00
118,160.82185,2017-05-16 01:58:00
119,175.62471666666661,2017-05-16 01:59:00
120,171.54503333333338,2017-05-16 02:00:00
121,202.48984999999996,2017-05-16 02:01:00
122,203.77736666666664,2017-05-16 02:02:00
123,204.35301666666666,2017-05-16 02:03:00
124,204.19639999999995,2017-05-16 02:04:00
125,203.8681666666667,2017-05-16 02:05:00
126,189.36358333333334,2017-05-16 02:06:00
127,186.50436666666667,2017-05-16 02:07:00
128,188.4873333333334,2017-05-16 02:08:00
129,191.8118,2017-05-16 02:09:00
130,187.9978666666667,2017-05-16 02:10:00
131,191.37425000000002,2017-05-16 02:11:00
132,190.03931666666665,2017-05-16 02:12:00
133,190.14213333333345,2017-05-16 02:13:00
134,188.59291666666667,2017-05-16 02:14:00
135,189.16501666666667,2017-05-16 02:15:00
136,187.71024999999995,2017-05-16 02:16:00
137,187.3379666666666,2017-05-16 02:17:00
138,186.91748333333328,2017-05-16 02:18:00
139,186.3698,2017-05-16 02:19:00
140,187.04994999999997,2017-05-16 02:20:00
141,187.12766666666667,2017-05-16 02:21:00
142,186.6308333333334,2017-05-16 02:22:00
143,186.89066666666662,2017-05-16 02:23:00
144,187.77776666666674,2017-05-16 02:24:00
145,188.82858333333326,2017-05-16 02:25:00
146,188.39695,2017-05-16 02:26:00
147,187.4039333333334,2017-05-16 02:27:00
148,187.40750000000003,2017-05-16 02:28:00
149,186.7492666666667,2017-05-16 02:29:00
150,186.34289999999993,2017-05-16 02:30:00
151,186.78406666666672,2017-05-16 02:31:00
152,185.98178333333328,2017-05-16 02:32:00
153,184.60581666666664,2017-05-16 02:33:00
154,182.82714999999996,2017-05-16 02:34:00
155,181.94658333333345,2017-05-16 02:35:00
156,182.14923333333334,2017-05-16 02:36:00
157,180.66516666666664,2017-05-16 02:37:00
158,182.31798333333344,2017-05-16 02:38:00
159,182.7207,2017-05-16 02:39:00
160,181.51524999999995,2017-05-16 02:40:00
161,183.54944999999998,2017-05-16 02:41:00
162,184.57293333333337,2017-05-16 02:42:00
163,184.09159999999997,2017-05-16 02:43:00
164,184.77228333333332,2017-05-16 02:44:00
165,184.4307666666667,2017-05-16 02:45:00
166,185.22220000000004,2017-05-16 02:46:00
167,184.6109166666667,2017-05-16 02:47:00
168,184.91020000000003,2017-05-16 02:48:00
169,184.95365,2017-05-16 02:49:00
170,185.07423333333332,2017-05-16 02:50:00
171,185.6400166666666,2017-05-16 02:51:00
172,186.21516666666668,2017-05-16 02:52:00
173,186.73041666666666,2017-05-16 02:53:00
174,187.9887,2017-05-16 02:54:00
175,186.9872666666667,2017-05-16 02:55:00
176,184.3033833333333,2017-05-16 02:56:00
177,188.1207833333334,2017-05-16 02:57:00
178,192.83075000000005,2017-05-16 02:58:00
179,192.05993333333333,2017-05-16 02:59:00
180,190.88541666666669,2017-05-16 03:00:00
181,190.81406666666666,2017-05-16 03:01:00
182,144.17669999999998,2017-05-16 03:02:00
183,103.24111666666668,2017-05-16 03:03:00
184,102.94263333333335,2017-05-16 03:04:00
185,102.80695000000001,2017-05-16 03:05:00
186,104.0857166666667,2017-05-16 03:06:00
187,105.83330000000004,2017-05-16 03:07:00
188,106.57208333333334,2017-05-16 03:08:00
189,110.43030000000002,2017-05-16 03:09:00
190,106.95981666666665,2017-05-16 03:10:00
191,106.73763333333335,2017-05-16 03:11:00
192,106.96591666666669,2017-05-16 03:12:00
193,106.30618333333332,2017-05-16 03:13:00
194,108.41445000000007,2017-05-16 03:14:00
195,106.04841666666664,2017-05-16 03:15:00
196,106.30918333333337,2017-05-16 03:16:00
197,137.9457833333333,2017-05-16 03:17:00
198,160.69624999999994,2017-05-16 03:18:00
199,156.99141666666668,2017-05-16 03:19:00
200,183.65946666666662,2017-05-16 03:20:00
201,189.49433333333332,2017-05-16 03:21:00
202,189.3422833333333,2017-05-16 03:22:00
203,188.11491666666672,2017-05-16 03:23:00
204,187.69863333333345,2017-05-16 03:24:00
205,187.3610166666667,2017-05-16 03:25:00
206,186.78266666666673,2017-05-16 03:26:00
207,187.31338333333332,2017-05-16 03:27:00
208,188.48574999999997,2017-05-16 03:28:00
209,188.4817666666667,2017-05-16 03:29:00
210,188.33688333333333,2017-05-16 03:30:00
211,189.6404166666667,2017-05-16 03:31:00
212,189.67213333333336,2017-05-16 03:32:00
213,188.57211666666672,2017-05-16 03:33:00
214,188.53898333333333,2017-05-16 03:34:00
215,188.0801333333333,2017-05-16 03:35:00
216,187.84573333333333,2017-05-16 03:36:00
217,187.27741666666665,2017-05-16 03:37:00
218,186.9147833333334,2017-05-16 03:38:00
219,187.36491666666666,2017-05-16 03:39:00
220,187.10620000000006,2017-05-16 03:40:00
221,187.17788333333334,2017-05-16 03:41:00
222,187.61461666666673,2017-05-16 03:42:00
223,188.79261666666662,2017-05-16 03:43:00
224,188.80416666666665,2017-05-16 03:44:00
225,188.35461666666674,2017-05-16 03:45:00
226,188.325,2017-05-16 03:46:00
227,187.94111666666666,2017-05-16 03:47:00
228,186.94795000000002,2017-05-16 03:48:00
229,187.07591666666664,2017-05-16 03:49:00
230,185.52808333333329,2017-05-16 03:50:00
231,183.7246,2017-05-16 03:51:00
232,182.9729,2017-05-16 03:52:00
233,182.83090000000004,2017-05-16 03:53:00
234,181.09691666666671,2017-05-16 03:54:00
235,180.6073166666666,2017-05-16 03:55:00
236,180.89600000000002,2017-05-16 03:56:00
237,180.2444166666667,2017-05-16 03:57:00
238,182.65356666666662,2017-05-16 03:58:00
239,184.02115000000003,2017-05-16 03:59:00
240,185.99853333333334,2017-05-16 04:00:00
241,186.0339833333333,2017-05-16 04:01:00
242,185.99354999999997,2017-05-16 04:02:00
243,185.67368333333332,2017-05-16 04:03:00
244,185.8266333333334,2017-05-16 04:04:00
245,185.39111666666668,2017-05-16 04:05:00
246,185.57689999999994,2017-05-16 04:06:00
247,186.4226666666667,2017-05-16 04:07:00
248,185.2830166666666,2017-05-16 04:08:00
249,190.3788166666667,2017-05-16 04:09:00
250,184.84443333333334,2017-05-16 04:10:00
251,185.32636666666664,2017-05-16 04:11:00
252,185.86371666666668,2017-05-16 04:12:00
253,185.3584666666667,2017-05-16 04:13:00
254,184.07165,2017-05-16 04:14:00
255,183.15885000000003,2017-05-16 04:15:00
256,190.57738333333333,2017-05-16 04:16:00
257,191.48444999999998,2017-05-16 04:17:00
258,190.65053333333336,2017-05-16 04:18:00
259,190.85961666666665,2017-05-16 04:19:00
260,170.23186666666666,2017-05-16 04:20:00
261,104.59775,2017-05-16 04:21:00
262,102.83951666666665,2017-05-16 04:22:00
263,104.02709999999998,2017-05-16 04:23:00
264,102.60226666666665,2017-05-16 04:24:00
265,104.70729999999999,2017-05-16 04:25:00
266,106.50360000000002,2017-05-16 04:26:00
267,106.26658333333333,2017-05-16 04:27:00
268,106.39783333333332,2017-05-16 04:28:00
269,106.56885,2017-05-16 04:29:00
270,105.8682666666667,2017-05-16 04:30:00
271,105.99868333333335,2017-05-16 04:31:00
272,105.67448333333331,2017-05-16 04:32:00
273,106.71198333333336,2017-05-16 04:33:00
274,106.02115000000002,2017-05-16 04:34:00
275,122.78858333333334,2017-05-16 04:35:00
276,158.38709999999998,2017-05-16 04:36:00
277,155.9056,2017-05-16 04:37:00
278,172.87686666666667,2017-05-16 04:38:00
279,187.88861666666665,2017-05-16 04:39:00
280,188.39061666666663,2017-05-16 04:40:00
281,187.91193333333337,2017-05-16 04:41:00
282,187.60834999999992,2017-05-16 04:42:00
283,187.19561666666667,2017-05-16 04:43:00
284,187.47116666666665,2017-05-16 04:44:00
285,187.09111666666672,2017-05-16 04:45:00
286,186.30523333333338,2017-05-16 04:46:00
287,186.1266833333333,2017-05-16 04:47:00
288,189.48345,2017-05-16 04:48:00
289,191.3523166666666,2017-05-16 04:49:00
290,190.0431,2017-05-16 04:50:00
291,190.08335,2017-05-16 04:51:00
292,188.82331666666676,2017-05-16 04:52:00
293,187.7076166666667,2017-05-16 04:53:00
294,186.98273333333333,2017-05-16 04:54:00
295,187.14288333333332,2017-05-16 04:55:00
296,185.70966666666664,2017-05-16 04:56:00
297,187.4265833333334,2017-05-16 04:57:00
298,186.16081666666662,2017-05-16 04:58:00
299,187.57804999999996,2017-05-16 04:59:00
300,186.2534,2017-05-16 05:00:00
301,187.92361666666667,2017-05-16 05:01:00
302,187.82861666666662,2017-05-16 05:02:00
303,187.47896666666674,2017-05-16 05:03:00
304,187.16041666666663,2017-05-16 05:04:00
305,187.50521666666677,2017-05-16 05:05:00
306,187.0384,2017-05-16 05:06:00
307,185.63735000000005,2017-05-16 05:07:00
308,183.94503333333333,2017-05-16 05:08:00
309,187.0881166666667,2017-05-16 05:09:00
310,183.7557333333333,2017-05-16 05:10:00
311,180.39161666666666,2017-05-16 05:11:00
312,180.08408333333335,2017-05-16 05:12:00
313,179.54551666666674,2017-05-16 05:13:00
314,179.43236666666672,2017-05-16 05:14:00
315,179.6953833333333,2017-05-16 05:15:00
316,162.15799999999996,2017-05-16 05:16:00
317,104.13601666666668,2017-05-16 05:17:00
318,102.65508333333334,2017-05-16 05:18:00
319,102.38359999999997,2017-05-16 05:19:00
320,103.12823333333331,2017-05-16 05:20:00
321,105.87754999999996,2017-05-16 05:21:00
322,106.65786666666668,2017-05-16 05:22:00
323,106.02458333333334,2017-05-16 05:23:00
324,107.47193333333334,2017-05-16 05:24:00
325,106.24146666666667,2017-05-16 05:25:00
326,105.95179999999999,2017-05-16 05:26:00
327,105.99665000000002,2017-05-16 05:27:00
328,105.70326666666661,2017-05-16 05:28:00
329,105.98913333333334,2017-05-16 05:29:00
330,106.50638333333333,2017-05-16 05:30:00
331,119.32839999999999,2017-05-16 05:31:00
332,161.6393833333334,2017-05-16 05:32:00
333,156.4893333333333,2017-05-16 05:33:00
334,171.70805,2017-05-16 05:34:00
335,189.79720000000003,2017-05-16 05:35:00
336,187.96400000000006,2017-05-16 05:36:00
337,189.24426666666668,2017-05-16 05:37:00
338,188.44951666666674,2017-05-16 05:38:00
339,188.08124999999993,2017-05-16 05:39:00
340,187.9262666666667,2017-05-16 05:40:00
341,187.10109999999995,2017-05-16 05:41:00
342,188.4859,2017-05-16 05:42:00
343,188.63696666666664,2017-05-16 05:43:00
344,874.0722166666666,2017-05-16 05:44:00
345,486.5042000000001,2017-05-16 05:45:00
346,393.03263333333337,2017-05-16 05:46:00
347,417.31721666666675,2017-05-16 05:47:00
348,386.6676166666666,2017-05-16 05:48:00
349,291.6694166666667,2017-05-16 05:49:00
350,478.2260666666667,2017-05-16 05:50:00
351,1215.6847500000001,2017-05-16 05:51:00
352,1215.38985,2017-05-16 05:52:00
353,1208.5152833333334,2017-05-16 05:53:00
354,820.9760833333332,2017-05-16 05:54:00
355,762.5438166666668,2017-05-16 05:55:00
356,797.6941333333333,2017-05-16 05:56:00
357,746.8189833333333,2017-05-16 05:57:00
358,750.4739833333333,2017-05-16 05:58:00
359,809.4254000000002,2017-05-16 05:59:00
360,800.8296833333334,2017-05-16 06:00:00
361,750.0163666666665,2017-05-16 06:01:00
362,747.1511166666666,2017-05-16 06:02:00
363,811.9390000000002,2017-05-16 06:03:00
364,324.70045,2017-05-16 06:04:00
365,245.58761666666666,2017-05-16 06:05:00
366,259.5298833333333,2017-05-16 06:06:00
367,248.0901333333333,2017-05-16 06:07:00
368,206.41366666666667,2017-05-16 06:08:00
369,203.54750000000007,2017-05-16 06:09:00
370,198.43194999999997,2017-05-16 06:10:00
371,192.2351833333333,2017-05-16 06:11:00
372,266.8445,2017-05-16 06:12:00
373,268.36898333333335,2017-05-16 06:13:00
374,269.0370666666668,2017-05-16 06:14:00
375,270.05595000000005,2017-05-16 06:15:00
376,269.02448333333336,2017-05-16 06:16:00
377,269.9293666666667,2017-05-16 06:17:00
378,268.90436666666665,2017-05-16 06:18:00
379,268.48706666666664,2017-05-16 06:19:00
380,268.8131833333333,2017-05-16 06:20:00
381,268.23249999999996,2017-05-16 06:21:00
382,266.56771666666657,2017-05-16 06:22:00
383,264.95651666666674,2017-05-16 06:23:00
384,263.5802666666667,2017-05-16 06:24:00
385,263.6699166666667,2017-05-16 06:25:00
386,262.65593333333334,2017-05-16 06:26:00
387,263.17138333333327,2017-05-16 06:27:00
388,263.13229999999993,2017-05-16 06:28:00
389,198.45338333333336,2017-05-16 06:29:00
390,185.08423333333343,2017-05-16 06:30:00
391,185.27698333333333,2017-05-16 06:31:00
392,185.6261,2017-05-16 06:32:00
393,149.8777166666667,2017-05-16 06:33:00
394,114.7561666666667,2017-05-16 06:34:00
395,106.22003333333333,2017-05-16 06:35:00
396,127.16748333333334,2017-05-16 06:36:00
397,104.56250000000001,2017-05-16 06:37:00
398,125.03168333333333,2017-05-16 06:38:00
399,153.19955,2017-05-16 06:39:00
400,152.92749999999998,2017-05-16 06:40:00
401,296.3584333333333,2017-05-16 06:41:00
402,269.9712166666667,2017-05-16 06:42:00
403,236.39263333333332,2017-05-16 06:43:00
404,287.7418833333335,2017-05-16 06:44:00
405,371.8302166666665,2017-05-16 06:45:00
406,248.32276666666667,2017-05-16 06:46:00
407,319.4175166666667,2017-05-16 06:47:00
408,264.3542166666666,2017-05-16 06:48:00
409,257.45944999999995,2017-05-16 06:49:00
410,250.80818333333332,2017-05-16 06:50:00
411,255.86311666666657,2017-05-16 06:51:00
412,611.8370833333333,2017-05-16 06:52:00
413,1386.7391666666667,2017-05-16 06:53:00
414,358.4954833333333,2017-05-16 06:54:00
415,226.8895833333334,2017-05-16 06:55:00
416,214.0366166666667,2017-05-16 06:56:00
417,257.60095000000007,2017-05-16 06:57:00
418,369.5763166666667,2017-05-16 06:58:00
419,390.5060833333334,2017-05-16 06:59:00
420,388.5516833333335,2017-05-16 07:00:00
421,391.14678333333336,2017-05-16 07:01:00
422,388.79664999999994,2017-05-16 07:02:00
423,387.26419999999996,2017-05-16 07:03:00
424,468.8358,2017-05-16 07:04:00
425,518.1541166666667,2017-05-16 07:05:00
426,1137.8097833333334,2017-05-16 07:06:00
427,1028.6002666666666,2017-05-16 07:07:00
428,496.0929833333333,2017-05-16 07:08:00
429,494.8107666666668,2017-05-16 07:09:00
430,507.90998333333323,2017-05-16 07:10:00
431,496.93506666666667,2017-05-16 07:11:00
432,551.2620499999998,2017-05-16 07:12:00
433,1001.4583666666671,2017-05-16 07:13:00
434,527.9461666666666,2017-05-16 07:14:00
435,525.1264333333332,2017-05-16 07:15:00
436,521.9555666666666,2017-05-16 07:16:00
437,523.17995,2017-05-16 07:17:00
438,516.1777166666667,2017-05-16 07:18:00
439,1432.0060166666667,2017-05-16 07:19:00
440,1789.8734166666661,2017-05-16 07:20:00
441,1800.6156333333342,2017-05-16 07:21:00
442,817.5808166666666,2017-05-16 07:22:00
443,510.10451666666654,2017-05-16 07:23:00
444,485.75316666666663,2017-05-16 07:24:00
445,489.13946666666675,2017-05-16 07:25:00
446,493.02869999999996,2017-05-16 07:26:00
447,487.89109999999994,2017-05-16 07:27:00
448,454.6398166666666,2017-05-16 07:28:00
449,456.71185,2017-05-16 07:29:00
450,336.01856666666663,2017-05-16 07:30:00
451,268.9481166666665,2017-05-16 07:31:00
452,393.55094999999994,2017-05-16 07:32:00
453,288.66240000000005,2017-05-16 07:33:00
454,241.3103166666666,2017-05-16 07:34:00
455,240.95454999999998,2017-05-16 07:35:00
456,240.89761666666672,2017-05-16 07:36:00
457,212.27099999999996,2017-05-16 07:37:00
458,191.50245,2017-05-16 07:38:00
459,192.28508333333335,2017-05-16 07:39:00
460,190.90963333333335,2017-05-16 07:40:00
461,189.9482500000001,2017-05-16 07:41:00
462,194.36678333333333,2017-05-16 07:42:00
463,252.62975,2017-05-16 07:43:00
464,542.6614,2017-05-16 07:44:00
465,948.49085,2017-05-16 07:45:00
466,950.4889,2017-05-16 07:46:00
467,949.0036999999996,2017-05-16 07:47:00
468,660.8521833333334,2017-05-16 07:48:00
469,618.8153333333333,2017-05-16 07:49:00
470,416.12945,2017-05-16 07:50:00
471,408.8892833333334,2017-05-16 07:51:00
472,408.6163166666667,2017-05-16 07:52:00
473,404.32123333333334,2017-05-16 07:53:00
474,407.1758666666667,2017-05-16 07:54:00
475,469.7008333333333,2017-05-16 07:55:00
476,393.5915666666666,2017-05-16 07:56:00
477,394.85395000000005,2017-05-16 07:57:00
478,393.05301666666674,2017-05-16 07:58:00
479,391.5970666666667,2017-05-16 07:59:00
480,391.10456666666664,2017-05-16 08:00:00
481,387.7828166666667,2017-05-16 08:01:00
482,390.5001,2017-05-16 08:02:00
483,392.9908166666668,2017-05-16 08:03:00
484,371.36026666666675,2017-05-16 08:04:00
485,355.5477833333333,2017-05-16 08:05:00
486,361.84285,2017-05-16 08:06:00
487,343.0005666666667,2017-05-16 08:07:00
488,358.5496666666667,2017-05-16 08:08:00
489,365.5811,2017-05-16 08:09:00
490,356.8525666666666,2017-05-16 08:10:00
491,313.5650833333333,2017-05-16 08:11:00
492,306.1098666666667,2017-05-16 08:12:00
493,303.17679999999996,2017-05-16 08:13:00
494,302.0895333333334,2017-05-16 08:14:00
495,302.9401333333334,2017-05-16 08:15:00
496,301.8586666666667,2017-05-16 08:16:00
497,301.34401666666656,2017-05-16 08:17:00
498,297.9091833333333,2017-05-16 08:18:00
499,295.85990000000004,2017-05-16 08:19:00
500,300.1139833333333,2017-05-16 08:20:00
501,399.5853833333333,2017-05-16 08:21:00
502,351.13298333333336,2017-05-16 08:22:00
503,303.66635000000014,2017-05-16 08:23:00
504,296.05906666666664,2017-05-16 08:24:00
505,295.17455000000007,2017-05-16 08:25:00
506,297.1306166666667,2017-05-16 08:26:00
507,279.7039166666667,2017-05-16 08:27:00
508,263.4713166666666,2017-05-16 08:28:00
509,306.52514999999994,2017-05-16 08:29:00
510,305.27625,2017-05-16 08:30:00
511,301.3775666666666,2017-05-16 08:31:00
512,306.58200000000005,2017-05-16 08:32:00
513,309.00676666666664,2017-05-16 08:33:00
514,234.4302666666667,2017-05-16 08:34:00
515,237.8070166666666,2017-05-16 08:35:00
516,235.59496666666664,2017-05-16 08:36:00
517,229.8171166666667,2017-05-16 08:37:00
518,230.7060666666667,2017-05-16 08:38:00
519,230.52848333333327,2017-05-16 08:39:00
520,229.01226666666668,2017-05-16 08:40:00
521,228.52551666666673,2017-05-16 08:41:00
522,228.94443333333334,2017-05-16 08:42:00
523,227.06255,2017-05-16 08:43:00
524,227.24881666666667,2017-05-16 08:44:00
525,226.07543333333336,2017-05-16 08:45:00
526,226.05331666666663,2017-05-16 08:46:00
527,227.86796666666666,2017-05-16 08:47:00
528,228.9211,2017-05-16 08:48:00
529,228.6568999999999,2017-05-16 08:49:00
530,217.03673333333333,2017-05-16 08:50:00
531,226.78441666666666,2017-05-16 08:51:00
532,228.3637666666667,2017-05-16 08:52:00
533,228.49026666666668,2017-05-16 08:53:00
534,228.74155000000007,2017-05-16 08:54:00
535,226.22943333333336,2017-05-16 08:55:00
536,224.38738333333333,2017-05-16 08:56:00
537,222.54255,2017-05-16 08:57:00
538,221.17663333333334,2017-05-16 08:58:00
539,153.41386666666665,2017-05-16 08:59:00
540,116.98368333333332,2017-05-16 09:00:00
541,116.51076666666667,2017-05-16 09:01:00
542,116.56719999999999,2017-05-16 09:02:00
543,116.77756666666666,2017-05-16 09:03:00
544,119.35831666666668,2017-05-16 09:04:00
545,119.91258333333332,2017-05-16 09:05:00
546,120.06151666666668,2017-05-16 09:06:00
547,122.03155000000004,2017-05-16 09:07:00
548,120.92923333333334,2017-05-16 09:08:00
549,120.11834999999999,2017-05-16 09:09:00
550,119.60353333333337,2017-05-16 09:10:00
551,120.06396666666666,2017-05-16 09:11:00
552,120.4753666666667,2017-05-16 09:12:00
553,119.76675,2017-05-16 09:13:00
554,157.62801666666667,2017-05-16 09:14:00
555,175.20631666666668,2017-05-16 09:15:00
556,169.73891666666668,2017-05-16 09:16:00
557,213.77923333333337,2017-05-16 09:17:00
558,214.30571666666665,2017-05-16 09:18:00
559,214.49281666666673,2017-05-16 09:19:00
560,214.53993333333332,2017-05-16 09:20:00
561,215.4860166666667,2017-05-16 09:21:00
562,215.24010000000007,2017-05-16 09:22:00
563,214.21496666666664,2017-05-16 09:23:00
564,213.76460000000003,2017-05-16 09:24:00
565,214.0217833333334,2017-05-16 09:25:00
566,214.82149999999996,2017-05-16 09:26:00
567,215.98233333333337,2017-05-16 09:27:00
568,216.1482333333334,2017-05-16 09:28:00
569,215.55103333333335,2017-05-16 09:29:00
570,213.73610000000005,2017-05-16 09:30:00
571,213.57343333333327,2017-05-16 09:31:00
572,213.72285000000005,2017-05-16 09:32:00
573,214.44633333333329,2017-05-16 09:33:00
574,213.02270000000004,2017-05-16 09:34:00
575,213.49684999999997,2017-05-16 09:35:00
576,213.63666666666668,2017-05-16 09:36:00
577,212.96606666666665,2017-05-16 09:37:00
578,211.91720000000007,2017-05-16 09:38:00
579,213.96224999999998,2017-05-16 09:39:00
580,210.4690333333333,2017-05-16 09:40:00
581,207.25261666666665,2017-05-16 09:41:00
582,207.72015000000005,2017-05-16 09:42:00
583,204.19125000000005,2017-05-16 09:43:00
584,205.37793333333337,2017-05-16 09:44:00
585,206.32699999999994,2017-05-16 09:45:00
586,204.27270000000004,2017-05-16 09:46:00
587,203.4995333333333,2017-05-16 09:47:00
588,207.47473333333338,2017-05-16 09:48:00
589,171.61858333333328,2017-05-16 09:49:00
590,117.36975000000002,2017-05-16 09:50:00
591,117.41831666666661,2017-05-16 09:51:00
592,116.46138333333334,2017-05-16 09:52:00
593,118.14815,2017-05-16 09:53:00
594,119.8125166666667,2017-05-16 09:54:00
595,121.20151666666666,2017-05-16 09:55:00
596,120.35298333333336,2017-05-16 09:56:00
597,119.98058333333333,2017-05-16 09:57:00
598,119.77511666666668,2017-05-16 09:58:00
599,119.84983333333334,2017-05-16 09:59:00
600,119.8659666666667,2017-05-16 10:00:00
601,120.53308333333334,2017-05-16 10:01:00
602,120.02995,2017-05-16 10:02:00
603,119.88381666666669,2017-05-16 10:03:00
604,152.4725,2017-05-16 10:04:00
605,176.62081666666674,2017-05-16 10:05:00
606,171.84741666666667,2017-05-16 10:06:00
607,199.31583333333336,2017-05-16 10:07:00
608,205.6963666666667,2017-05-16 10:08:00
609,203.58406666666673,2017-05-16 10:09:00
610,204.30258333333333,2017-05-16 10:10:00
611,202.75623333333334,2017-05-16 10:11:00
612,203.12176666666662,2017-05-16 10:12:00
613,202.28013333333337,2017-05-16 10:13:00
614,201.88733333333337,2017-05-16 10:14:00
615,201.85411666666667,2017-05-16 10:15:00
616,201.6881,2017-05-16 10:16:00
617,201.9730333333333,2017-05-16 10:17:00
618,204.25783333333334,2017-05-16 10:18:00
619,204.17165000000003,2017-05-16 10:19:00
620,204.45391666666671,2017-05-16 10:20:00
621,203.79366666666667,2017-05-16 10:21:00
622,203.02141666666665,2017-05-16 10:22:00
623,202.32658333333333,2017-05-16 10:23:00
624,202.13148333333336,2017-05-16 10:24:00
625,202.09870000000004,2017-05-16 10:25:00
626,201.47283333333334,2017-05-16 10:26:00
627,201.28250000000008,2017-05-16 10:27:00
628,201.37088333333338,2017-05-16 10:28:00
629,202.07466666666667,2017-05-16 10:29:00
630,202.13418333333334,2017-05-16 10:30:00
631,201.75198333333336,2017-05-16 10:31:00
632,201.72126666666662,2017-05-16 10:32:00
633,202.20881666666662,2017-05-16 10:33:00
634,200.82286666666667,2017-05-16 10:34:00
635,200.84433333333328,2017-05-16 10:35:00
636,201.04746666666668,2017-05-16 10:36:00
637,199.9886333333333,2017-05-16 10:37:00
638,198.5570333333333,2017-05-16 10:38:00
639,197.8445833333334,2017-05-16 10:39:00
640,197.1178333333333,2017-05-16 10:40:00
641,197.9310166666666,2017-05-16 10:41:00
642,197.71738333333334,2017-05-16 10:42:00
643,196.67923333333334,2017-05-16 10:43:00
644,194.0740333333333,2017-05-16 10:44:00
645,188.92615,2017-05-16 10:45:00
646,194.74283333333332,2017-05-16 10:46:00
647,195.7675166666666,2017-05-16 10:47:00
648,196.92493333333334,2017-05-16 10:48:00
649,197.93734999999995,2017-05-16 10:49:00
650,198.0466333333333,2017-05-16 10:50:00
651,199.28811666666664,2017-05-16 10:51:00
652,198.7565500000001,2017-05-16 10:52:00
653,198.66373333333328,2017-05-16 10:53:00
654,200.29940000000002,2017-05-16 10:54:00
655,201.14370000000008,2017-05-16 10:55:00
656,200.87665000000004,2017-05-16 10:56:00
657,200.20593333333338,2017-05-16 10:57:00
658,200.9771833333333,2017-05-16 10:58:00
659,199.89016666666674,2017-05-16 10:59:00
660,199.76881666666662,2017-05-16 11:00:00
661,199.59746666666666,2017-05-16 11:01:00
662,199.3756333333334,2017-05-16 11:02:00
663,208.25376666666662,2017-05-16 11:03:00
664,208.65349999999998,2017-05-16 11:04:00
665,208.20958333333334,2017-05-16 11:05:00
666,208.40835000000004,2017-05-16 11:06:00
667,213.86108333333334,2017-05-16 11:07:00
668,207.3330833333333,2017-05-16 11:08:00
669,206.54129999999998,2017-05-16 11:09:00
670,206.42849999999996,2017-05-16 11:10:00
671,204.60118333333335,2017-05-16 11:11:00
672,207.54360000000003,2017-05-16 11:12:00
673,208.78595,2017-05-16 11:13:00
674,209.38595000000004,2017-05-16 11:14:00
675,209.92225000000005,2017-05-16 11:15:00
676,210.66871666666674,2017-05-16 11:16:00
677,210.27200000000002,2017-05-16 11:17:00
678,210.8227833333333,2017-05-16 11:18:00
679,212.3076666666667,2017-05-16 11:19:00
680,213.74716666666666,2017-05-16 11:20:00
681,213.38143333333335,2017-05-16 11:21:00
682,212.44506666666672,2017-05-16 11:22:00
683,211.77468333333334,2017-05-16 11:23:00
684,211.28009999999998,2017-05-16 11:24:00
685,208.96835000000002,2017-05-16 11:25:00
686,207.01199999999994,2017-05-16 11:26:00
687,205.88750000000002,2017-05-16 11:27:00
688,205.09823333333333,2017-05-16 11:28:00
689,204.81133333333335,2017-05-16 11:29:00
690,203.74311666666668,2017-05-16 11:30:00
691,203.76750000000004,2017-05-16 11:31:00
692,153.87673333333333,2017-05-16 11:32:00
693,117.38516666666662,2017-05-16 11:33:00
694,116.19746666666668,2017-05-16 11:34:00
695,116.29716666666667,2017-05-16 11:35:00
696,116.48276666666666,2017-05-16 11:36:00
697,118.62280000000001,2017-05-16 11:37:00
698,120.18713333333335,2017-05-16 11:38:00
699,119.59353333333335,2017-05-16 11:39:00
700,120.7556833333334,2017-05-16 11:40:00
701,119.46283333333335,2017-05-16 11:41:00
702,120.26078333333339,2017-05-16 11:42:00
703,119.39463333333333,2017-05-16 11:43:00
704,120.68083333333335,2017-05-16 11:44:00
705,121.84616666666668,2017-05-16 11:45:00
706,119.80338333333334,2017-05-16 11:46:00
707,154.50603333333336,2017-05-16 11:47:00
708,173.82583333333332,2017-05-16 11:48:00
709,169.86389999999994,2017-05-16 11:49:00
710,198.7989,2017-05-16 11:50:00
711,201.96566666666664,2017-05-16 11:51:00
712,202.10399999999998,2017-05-16 11:52:00
713,201.96058333333332,2017-05-16 11:53:00
714,201.8845833333333,2017-05-16 11:54:00
715,201.6161833333332,2017-05-16 11:55:00
716,201.96630000000002,2017-05-16 11:56:00
717,211.15966666666665,2017-05-16 11:57:00
718,210.15378333333334,2017-05-16 11:58:00
719,208.78488333333337,2017-05-16 11:59:00
720,208.8083333333333,2017-05-16 12:00:00
721,212.83913333333328,2017-05-16 12:01:00
722,213.05255000000002,2017-05-16 12:02:00
723,212.47766666666666,2017-05-16 12:03:00
724,211.77716666666672,2017-05-16 12:04:00
725,211.22549999999995,2017-05-16 12:05:00
726,210.76876666666666,2017-05-16 12:06:00
727,213.68706666666665,2017-05-16 12:07:00
728,212.8887,2017-05-16 12:08:00
729,209.61968333333334,2017-05-16 12:09:00
730,209.40278333333328,2017-05-16 12:10:00
731,209.47344999999999,2017-05-16 12:11:00
732,210.31240000000003,2017-05-16 12:12:00
733,209.69483333333335,2017-05-16 12:13:00
734,209.97735,2017-05-16 12:14:00
735,210.42515,2017-05-16 12:15:00
736,211.38901666666658,2017-05-16 12:16:00
737,210.70890000000003,2017-05-16 12:17:00
738,209.55218333333343,2017-05-16 12:18:00
739,207.10623333333336,2017-05-16 12:19:00
740,203.42465,2017-05-16 12:20:00
741,202.4063166666667,2017-05-16 12:21:00
742,201.6018333333333,2017-05-16 12:22:00
743,199.50971666666666,2017-05-16 12:23:00
744,198.8294,2017-05-16 12:24:00
745,195.71918333333332,2017-05-16 12:25:00
746,194.7997166666666,2017-05-16 12:26:00
747,195.18196666666668,2017-05-16 12:27:00
748,198.27880000000002,2017-05-16 12:28:00
749,198.8247333333333,2017-05-16 12:29:00
750,198.81956666666667,2017-05-16 12:30:00
751,200.2909,2017-05-16 12:31:00
752,199.91371666666663,2017-05-16 12:32:00
753,200.55661666666663,2017-05-16 12:33:00
754,200.17441666666673,2017-05-16 12:34:00
755,199.95485000000002,2017-05-16 12:35:00
756,199.55973333333333,2017-05-16 12:36:00
757,199.2689333333333,2017-05-16 12:37:00
758,198.11669999999998,2017-05-16 12:38:00
759,191.96436666666665,2017-05-16 12:39:00
760,198.5801,2017-05-16 12:40:00
761,199.46191666666667,2017-05-16 12:41:00
762,201.0777833333334,2017-05-16 12:42:00
763,199.27173333333332,2017-05-16 12:43:00
764,198.96526666666665,2017-05-16 12:44:00
765,198.61953333333332,2017-05-16 12:45:00
766,201.62414999999993,2017-05-16 12:46:00
767,207.62455,2017-05-16 12:47:00
768,206.53346666666667,2017-05-16 12:48:00
769,206.6855666666666,2017-05-16 12:49:00
770,205.49464999999995,2017-05-16 12:50:00
771,205.1916500000001,2017-05-16 12:51:00
772,205.04744999999997,2017-05-16 12:52:00
773,172.15613333333334,2017-05-16 12:53:00
774,118.65856666666667,2017-05-16 12:54:00
775,116.81808333333332,2017-05-16 12:55:00
776,116.79419999999999,2017-05-16 12:56:00
777,118.47225,2017-05-16 12:57:00
778,119.70635,2017-05-16 12:58:00
779,119.85073333333331,2017-05-16 12:59:00
780,119.67031666666665,2017-05-16 13:00:00
781,119.71409999999997,2017-05-16 13:01:00
782,119.35841666666668,2017-05-16 13:02:00
783,120.17876666666666,2017-05-16 13:03:00
784,119.35104999999997,2017-05-16 13:04:00
785,119.66471666666668,2017-05-16 13:05:00
786,122.49224999999998,2017-05-16 13:06:00
787,119.42918333333334,2017-05-16 13:07:00
788,139.58101666666664,2017-05-16 13:08:00
789,175.18723333333335,2017-05-16 13:09:00
790,170.35425,2017-05-16 13:10:00
791,190.14663333333334,2017-05-16 13:11:00
792,203.61671666666663,2017-05-16 13:12:00
793,202.03940000000003,2017-05-16 13:13:00
794,204.76461666666668,2017-05-16 13:14:00
795,202.35653333333332,2017-05-16 13:15:00
796,201.6671333333333,2017-05-16 13:16:00
797,201.27401666666668,2017-05-16 13:17:00
798,201.15814999999995,2017-05-16 13:18:00
799,201.03946666666667,2017-05-16 13:19:00
800,200.51274999999995,2017-05-16 13:20:00
801,200.74224999999998,2017-05-16 13:21:00
802,206.79353333333336,2017-05-16 13:22:00
803,201.89023333333336,2017-05-16 13:23:00
804,206.73808333333332,2017-05-16 13:24:00
805,253.85361666666674,2017-05-16 13:25:00
806,255.08711666666667,2017-05-16 13:26:00
807,252.79021666666665,2017-05-16 13:27:00
808,252.14471666666668,2017-05-16 13:28:00
809,271.89366666666666,2017-05-16 13:29:00
810,304.3327499999999,2017-05-16 13:30:00
811,304.25878333333344,2017-05-16 13:31:00
812,304.58513333333326,2017-05-16 13:32:00
813,308.96895000000006,2017-05-16 13:33:00
814,303.93066666666675,2017-05-16 13:34:00
815,283.43089999999995,2017-05-16 13:35:00
816,217.30031666666673,2017-05-16 13:36:00
817,250.74050000000005,2017-05-16 13:37:00
818,283.5611833333334,2017-05-16 13:38:00
819,268.19255000000004,2017-05-16 13:39:00
820,257.2924833333332,2017-05-16 13:40:00
821,257.35920000000004,2017-05-16 13:41:00
822,256.98549999999994,2017-05-16 13:42:00
823,262.9294333333335,2017-05-16 13:43:00
824,264.3410833333333,2017-05-16 13:44:00
825,264.44646666666665,2017-05-16 13:45:00
826,266.9437666666667,2017-05-16 13:46:00
827,277.5826333333334,2017-05-16 13:47:00
828,279.7951666666667,2017-05-16 13:48:00
829,280.1564833333333,2017-05-16 13:49:00
830,279.32964999999996,2017-05-16 13:50:00
831,278.42814999999996,2017-05-16 13:51:00
832,278.10691666666673,2017-05-16 13:52:00
833,277.35793333333334,2017-05-16 13:53:00
834,274.7719166666666,2017-05-16 13:54:00
835,273.79416666666674,2017-05-16 13:55:00
836,274.85214999999994,2017-05-16 13:56:00
837,273.84015,2017-05-16 13:57:00
838,274.82129999999995,2017-05-16 13:58:00
839,275.2708833333333,2017-05-16 13:59:00
840,274.29576666666674,2017-05-16 14:00:00
841,274.44045,2017-05-16 14:01:00
842,274.46233333333345,2017-05-16 14:02:00
843,271.8580666666667,2017-05-16 14:03:00
844,270.95783333333327,2017-05-16 14:04:00
845,270.3016166666667,2017-05-16 14:05:00
846,273.4789166666667,2017-05-16 14:06:00
847,279.6696000000001,2017-05-16 14:07:00
848,281.05435,2017-05-16 14:08:00
849,282.8296,2017-05-16 14:09:00
850,286.3783333333333,2017-05-16 14:10:00
851,286.9847333333333,2017-05-16 14:11:00
852,286.1392166666667,2017-05-16 14:12:00
853,286.28221666666667,2017-05-16 14:13:00
854,286.45234999999997,2017-05-16 14:14:00
855,285.7541333333333,2017-05-16 14:15:00
856,285.55296666666663,2017-05-16 14:16:00
857,285.4895833333333,2017-05-16 14:17:00
858,286.1943166666667,2017-05-16 14:18:00
859,303.1672,2017-05-16 14:19:00
860,310.8876833333335,2017-05-16 14:20:00
861,304.2667,2017-05-16 14:21:00
862,301.9112,2017-05-16 14:22:00
863,306.24688333333347,2017-05-16 14:23:00
864,298.3905833333333,2017-05-16 14:24:00
865,299.82946666666675,2017-05-16 14:25:00
866,298.6068166666666,2017-05-16 14:26:00
867,299.77736666666664,2017-05-16 14:27:00
868,299.8025499999999,2017-05-16 14:28:00
869,295.4549666666667,2017-05-16 14:29:00
870,316.5078833333333,2017-05-16 14:30:00
871,318.1173000000001,2017-05-16 14:31:00
872,308.67706666666675,2017-05-16 14:32:00
873,298.4639833333333,2017-05-16 14:33:00
874,308.0323666666667,2017-05-16 14:34:00
875,296.7943833333333,2017-05-16 14:35:00
876,296.2659166666665,2017-05-16 14:36:00
877,298.75721666666664,2017-05-16 14:37:00
878,304.9563333333333,2017-05-16 14:38:00
879,295.38444999999996,2017-05-16 14:39:00
880,303.0087000000001,2017-05-16 14:40:00
881,300.0104166666667,2017-05-16 14:41:00
882,297.44019999999995,2017-05-16 14:42:00
883,296.2835833333333,2017-05-16 14:43:00
884,295.8389833333333,2017-05-16 14:44:00
885,296.6710833333334,2017-05-16 14:45:00
886,294.96220000000005,2017-05-16 14:46:00
887,293.9221333333334,2017-05-16 14:47:00
888,299.5364666666666,2017-05-16 14:48:00
889,242.91633333333334,2017-05-16 14:49:00
890,208.9222833333333,2017-05-16 14:50:00
891,210.4880166666666,2017-05-16 14:51:00
892,208.1193833333333,2017-05-16 14:52:00
893,206.9092,2017-05-16 14:53:00
894,207.35875000000004,2017-05-16 14:54:00
895,209.77839999999992,2017-05-16 14:55:00
896,212.96493333333333,2017-05-16 14:56:00
897,215.03175000000002,2017-05-16 14:57:00
898,212.34535,2017-05-16 14:58:00
899,206.84358333333336,2017-05-16 14:59:00
900,205.88885000000002,2017-05-16 15:00:00
901,208.11020000000002,2017-05-16 15:01:00
902,207.65280000000007,2017-05-16 15:02:00
903,211.2657833333334,2017-05-16 15:03:00
904,229.05339999999998,2017-05-16 15:04:00
905,249.56578333333343,2017-05-16 15:05:00
906,248.5921166666667,2017-05-16 15:06:00
907,315.58248333333336,2017-05-16 15:07:00
908,462.64599999999996,2017-05-16 15:08:00
909,467.7667833333333,2017-05-16 15:09:00
910,388.78458333333333,2017-05-16 15:10:00
911,389.49686666666673,2017-05-16 15:11:00
912,389.6460166666667,2017-05-16 15:12:00
913,389.9429333333334,2017-05-16 15:13:00
914,390.2261166666667,2017-05-16 15:14:00
915,390.61976666666675,2017-05-16 15:15:00
916,388.26651666666663,2017-05-16 15:16:00
917,387.94055000000003,2017-05-16 15:17:00
918,391.9235,2017-05-16 15:18:00
919,392.63185,2017-05-16 15:19:00
920,390.93538333333345,2017-05-16 15:20:00
921,388.9306333333334,2017-05-16 15:21:00
922,390.5694666666667,2017-05-16 15:22:00
923,391.5679833333334,2017-05-16 15:23:00
924,428.08466666666664,2017-05-16 15:24:00
925,440.9874333333334,2017-05-16 15:25:00
926,442.42663333333337,2017-05-16 15:26:00
927,563.3062666666665,2017-05-16 15:27:00
928,780.8670000000002,2017-05-16 15:28:00
929,476.5209666666666,2017-05-16 15:29:00
930,486.4986666666667,2017-05-16 15:30:00
931,1296.6995666666671,2017-05-16 15:31:00
932,1309.4921166666668,2017-05-16 15:32:00
933,1353.4300833333334,2017-05-16 15:33:00
934,1335.31685,2017-05-16 15:34:00
935,1385.2132333333332,2017-05-16 15:35:00
936,1428.5635666666667,2017-05-16 15:36:00
937,603.5171333333333,2017-05-16 15:37:00
938,575.7996499999999,2017-05-16 15:38:00
939,1056.5744666666667,2017-05-16 15:39:00
940,1367.1331833333336,2017-05-16 15:40:00
941,1272.2637333333332,2017-05-16 15:41:00
942,1164.7407666666663,2017-05-16 15:42:00
943,1406.7822666666664,2017-05-16 15:43:00
944,1548.5251000000003,2017-05-16 15:44:00
945,1226.8013833333334,2017-05-16 15:45:00
946,1517.9428833333336,2017-05-16 15:46:00
947,1516.6946666666668,2017-05-16 15:47:00
948,1519.635616666667,2017-05-16 15:48:00
949,1516.7824833333334,2017-05-16 15:49:00
950,1374.9369333333334,2017-05-16 15:50:00
951,1589.238316666667,2017-05-16 15:51:00
952,1576.9286166666664,2017-05-16 15:52:00
953,1521.5218166666666,2017-05-16 15:53:00
954,1534.0522166666665,2017-05-16 15:54:00
955,1409.1921,2017-05-16 15:55:00
956,1515.931966666667,2017-05-16 15:56:00
957,1513.3300833333333,2017-05-16 15:57:00
958,1519.7775333333332,2017-05-16 15:58:00
959,816.3881833333335,2017-05-16 15:59:00
960,641.1224833333333,2017-05-16 16:00:00
961,677.9439666666667,2017-05-16 16:01:00
962,578.5250333333333,2017-05-16 16:02:00
963,525.3674666666667,2017-05-16 16:03:00
964,536.7530333333333,2017-05-16 16:04:00
965,375.31441666666655,2017-05-16 16:05:00
966,429.68971666666675,2017-05-16 16:06:00
967,320.48446666666666,2017-05-16 16:07:00
968,294.54819999999995,2017-05-16 16:08:00
969,402.02138333333335,2017-05-16 16:09:00
970,394.3429166666667,2017-05-16 16:10:00
971,370.2015,2017-05-16 16:11:00
972,283.1937166666668,2017-05-16 16:12:00
973,279.8187166666667,2017-05-16 16:13:00
974,297.6213166666667,2017-05-16 16:14:00
975,274.5722166666667,2017-05-16 16:15:00
976,254.03161666666668,2017-05-16 16:16:00
977,292.87998333333337,2017-05-16 16:17:00
978,298.52025,2017-05-16 16:18:00
979,269.7541666666666,2017-05-16 16:19:00
980,250.60105000000001,2017-05-16 16:20:00
981,1178.5620000000004,2017-05-16 16:21:00
982,1194.3557,2017-05-16 16:22:00
983,1147.3455666666669,2017-05-16 16:23:00
984,1148.9925833333334,2017-05-16 16:24:00
985,1109.5134333333333,2017-05-16 16:25:00
986,1184.9973500000003,2017-05-16 16:26:00
987,1192.1077500000001,2017-05-16 16:27:00
988,1193.66565,2017-05-16 16:28:00
989,1203.2408333333333,2017-05-16 16:29:00
990,1118.4335999999998,2017-05-16 16:30:00
991,1201.7422000000004,2017-05-16 16:31:00
992,1217.7097999999999,2017-05-16 16:32:00
993,1216.2496500000002,2017-05-16 16:33:00
994,1217.7996999999998,2017-05-16 16:34:00
995,1126.8230333333333,2017-05-16 16:35:00
996,1205.1989833333334,2017-05-16 16:36:00
997,1219.690716666667,2017-05-16 16:37:00
998,1221.83525,2017-05-16 16:38:00
999,1220.0920333333331,2017-05-16 16:39:00
1000,1123.2374166666664,2017-05-16 16:40:00
1001,1188.835783333333,2017-05-16 16:41:00
1002,1217.8825833333333,2017-05-16 16:42:00
1003,1214.5502000000004,2017-05-16 16:43:00
1004,1214.3673166666667,2017-05-16 16:44:00
1005,1125.012883333333,2017-05-16 16:45:00
1006,1195.3155666666667,2017-05-16 16:46:00
1007,1209.1358500000001,2017-05-16 16:47:00
1008,1211.5164499999998,2017-05-16 16:48:00
1009,965.9558499999998,2017-05-16 16:49:00
1010,295.71776666666665,2017-05-16 16:50:00
1011,479.4301833333335,2017-05-16 16:51:00
1012,536.4435833333333,2017-05-16 16:52:00
1013,536.5254666666667,2017-05-16 16:53:00
1014,539.5100666666666,2017-05-16 16:54:00
1015,508.3584499999999,2017-05-16 16:55:00
1016,507.2135833333333,2017-05-16 16:56:00
1017,504.85709999999995,2017-05-16 16:57:00
1018,262.01959999999997,2017-05-16 16:58:00
1019,262.5552333333335,2017-05-16 16:59:00
1020,261.88393333333335,2017-05-16 17:00:00
1021,261.5059666666667,2017-05-16 17:01:00
1022,263.97318333333334,2017-05-16 17:02:00
1023,270.5431166666666,2017-05-16 17:03:00
1024,271.9667833333333,2017-05-16 17:04:00
1025,273.3861333333334,2017-05-16 17:05:00
1026,266.5003166666667,2017-05-16 17:06:00
1027,546.4712,2017-05-16 17:07:00
1028,546.2788499999999,2017-05-16 17:08:00
1029,544.0145333333337,2017-05-16 17:09:00
1030,537.9133166666667,2017-05-16 17:10:00
1031,526.5970999999998,2017-05-16 17:11:00
1032,512.4300833333333,2017-05-16 17:12:00
1033,517.6993500000001,2017-05-16 17:13:00
1034,385.8476,2017-05-16 17:14:00
1035,268.18255,2017-05-16 17:15:00
1036,268.2731333333334,2017-05-16 17:16:00
1037,268.79735,2017-05-16 17:17:00
1038,269.52524999999997,2017-05-16 17:18:00
1039,270.5783,2017-05-16 17:19:00
1040,270.2029666666666,2017-05-16 17:20:00
1041,267.5791833333333,2017-05-16 17:21:00
1042,552.6200666666665,2017-05-16 17:22:00
1043,265.71754999999996,2017-05-16 17:23:00
1044,257.08411666666666,2017-05-16 17:24:00
1045,246.07674999999992,2017-05-16 17:25:00
1046,244.63753333333332,2017-05-16 17:26:00
1047,243.40973333333335,2017-05-16 17:27:00
1048,242.98638333333338,2017-05-16 17:28:00
1049,245.20970000000005,2017-05-16 17:29:00
1050,247.47555000000003,2017-05-16 17:30:00
1051,249.5928,2017-05-16 17:31:00
1052,249.89769999999996,2017-05-16 17:32:00
1053,250.49675000000008,2017-05-16 17:33:00
1054,255.17046666666673,2017-05-16 17:34:00
1055,255.65135,2017-05-16 17:35:00
1056,253.3317166666667,2017-05-16 17:36:00
1057,253.2870833333333,2017-05-16 17:37:00
1058,251.5229333333333,2017-05-16 17:38:00
1059,247.87641666666673,2017-05-16 17:39:00
1060,245.5767166666666,2017-05-16 17:40:00
1061,245.49751666666666,2017-05-16 17:41:00
1062,242.5380166666667,2017-05-16 17:42:00
1063,241.22545000000005,2017-05-16 17:43:00
1064,265.84470000000005,2017-05-16 17:44:00
1065,288.9686833333334,2017-05-16 17:45:00
1066,359.53255000000007,2017-05-16 17:46:00
1067,368.4843333333333,2017-05-16 17:47:00
1068,373.51058333333333,2017-05-16 17:48:00
1069,371.34418333333326,2017-05-16 17:49:00
1070,371.3476833333333,2017-05-16 17:50:00
1071,370.6531166666666,2017-05-16 17:51:00
1072,370.6059333333334,2017-05-16 17:52:00
1073,366.4426166666667,2017-05-16 17:53:00
1074,360.4599666666667,2017-05-16 17:54:00
1075,357.4145,2017-05-16 17:55:00
1076,353.8086333333333,2017-05-16 17:56:00
1077,351.04358333333334,2017-05-16 17:57:00
1078,349.6056833333332,2017-05-16 17:58:00
1079,391.5270333333333,2017-05-16 17:59:00
1080,442.91695000000004,2017-05-16 18:00:00
1081,1244.4650666666666,2017-05-16 18:01:00
1082,1182.4572166666667,2017-05-16 18:02:00
1083,397.05353333333323,2017-05-16 18:03:00
1084,400.8481166666666,2017-05-16 18:04:00
1085,407.31776666666667,2017-05-16 18:05:00
1086,404.4254666666666,2017-05-16 18:06:00
1087,434.51513333333355,2017-05-16 18:07:00
1088,463.8031,2017-05-16 18:08:00
1089,465.18289999999996,2017-05-16 18:09:00
1090,465.06516666666676,2017-05-16 18:10:00
1091,526.4915,2017-05-16 18:11:00
1092,559.9792666666667,2017-05-16 18:12:00
1093,507.00268333333327,2017-05-16 18:13:00
1094,525.2613166666666,2017-05-16 18:14:00
1095,445.6346166666667,2017-05-16 18:15:00
1096,392.16628333333335,2017-05-16 18:16:00
1097,394.14445,2017-05-16 18:17:00
1098,454.99074999999993,2017-05-16 18:18:00
1099,414.0423833333333,2017-05-16 18:19:00
1100,439.8819000000001,2017-05-16 18:20:00
1101,374.2020833333333,2017-05-16 18:21:00
1102,457.2700500000001,2017-05-16 18:22:00
1103,396.7475333333334,2017-05-16 18:23:00
1104,466.9640166666668,2017-05-16 18:24:00
1105,510.6287833333334,2017-05-16 18:25:00
1106,510.3293500000001,2017-05-16 18:26:00
1107,510.31925,2017-05-16 18:27:00
1108,512.5153333333333,2017-05-16 18:28:00
1109,510.03591666666654,2017-05-16 18:29:00
1110,913.3044,2017-05-16 18:30:00
1111,915.4982666666667,2017-05-16 18:31:00
1112,523.3341833333333,2017-05-16 18:32:00
1113,576.2471999999999,2017-05-16 18:33:00
1114,1155.5878166666664,2017-05-16 18:34:00
1115,490.14729999999986,2017-05-16 18:35:00
1116,868.0767499999997,2017-05-16 18:36:00
1117,494.0654333333333,2017-05-16 18:37:00
1118,802.4863166666667,2017-05-16 18:38:00
1119,560.4837833333333,2017-05-16 18:39:00
1120,681.5183666666667,2017-05-16 18:40:00
1121,688.8413333333335,2017-05-16 18:41:00
1122,720.1204666666667,2017-05-16 18:42:00
1123,705.7307166666667,2017-05-16 18:43:00
1124,709.8397833333336,2017-05-16 18:44:00
1125,1090.1172166666668,2017-05-16 18:45:00
1126,1625.937583333333,2017-05-16 18:46:00
1127,1604.3365999999996,2017-05-16 18:47:00
1128,1488.3551166666666,2017-05-16 18:48:00
1129,1183.8020499999998,2017-05-16 18:49:00
1130,866.1795666666667,2017-05-16 18:50:00
1131,914.8377,2017-05-16 18:51:00
1132,921.8966500000001,2017-05-16 18:52:00
1133,1167.2285333333334,2017-05-16 18:53:00
1134,1133.5057166666666,2017-05-16 18:54:00
1135,1074.9304333333334,2017-05-16 18:55:00
1136,1035.7643333333333,2017-05-16 18:56:00
1137,698.1795500000001,2017-05-16 18:57:00
1138,453.5385000000001,2017-05-16 18:58:00
1139,498.1937833333334,2017-05-16 18:59:00
1140,517.5410333333332,2017-05-16 19:00:00
1141,404.22366666666665,2017-05-16 19:01:00
1142,428.4438166666667,2017-05-16 19:02:00
1143,434.67265,2017-05-16 19:03:00
1144,399.58085,2017-05-16 19:04:00
1145,379.69173333333333,2017-05-16 19:05:00
1146,404.2976000000001,2017-05-16 19:06:00
1147,390.85239999999993,2017-05-16 19:07:00
1148,389.61881666666665,2017-05-16 19:08:00
1149,389.0614833333333,2017-05-16 19:09:00
1150,417.2163333333333,2017-05-16 19:10:00
1151,418.75638333333336,2017-05-16 19:11:00
1152,419.1797,2017-05-16 19:12:00
1153,419.98474999999996,2017-05-16 19:13:00
1154,422.2348333333332,2017-05-16 19:14:00
1155,421.5318833333334,2017-05-16 19:15:00
1156,486.0727333333334,2017-05-16 19:16:00
1157,533.9525666666667,2017-05-16 19:17:00
1158,583.8905833333333,2017-05-16 19:18:00
1159,584.3740166666665,2017-05-16 19:19:00
1160,602.7525166666668,2017-05-16 19:20:00
1161,608.5525499999999,2017-05-16 19:21:00
1162,593.5049,2017-05-16 19:22:00
1163,606.7549666666666,2017-05-16 19:23:00
1164,611.68655,2017-05-16 19:24:00
1165,614.6007833333333,2017-05-16 19:25:00
1166,615.9057666666666,2017-05-16 19:26:00
1167,618.2161833333332,2017-05-16 19:27:00
1168,616.8422833333334,2017-05-16 19:28:00
1169,573.5206,2017-05-16 19:29:00
1170,565.9102166666668,2017-05-16 19:30:00
1171,563.2183666666666,2017-05-16 19:31:00
1172,561.3462833333334,2017-05-16 19:32:00
1173,558.2906333333333,2017-05-16 19:33:00
1174,645.1228000000001,2017-05-16 19:34:00
1175,653.3538833333334,2017-05-16 19:35:00
1176,580.5107666666665,2017-05-16 19:36:00
1177,554.3924166666666,2017-05-16 19:37:00
1178,556.6502666666668,2017-05-16 19:38:00
1179,560.7657166666668,2017-05-16 19:39:00
1180,570.3091333333332,2017-05-16 19:40:00
1181,561.9595833333333,2017-05-16 19:41:00
1182,562.7952500000001,2017-05-16 19:42:00
1183,558.8416166666666,2017-05-16 19:43:00
1184,558.9741833333334,2017-05-16 19:44:00
1185,557.91205,2017-05-16 19:45:00
1186,553.86265,2017-05-16 19:46:00
1187,552.0399833333333,2017-05-16 19:47:00
1188,551.6568666666667,2017-05-16 19:48:00
1189,523.3206666666667,2017-05-16 19:49:00
1190,462.49418333333347,2017-05-16 19:50:00
1191,499.88245000000006,2017-05-16 19:51:00
1192,481.04583333333335,2017-05-16 19:52:00
1193,470.44950000000006,2017-05-16 19:53:00
1194,489.56708333333324,2017-05-16 19:54:00
1195,493.56045000000006,2017-05-16 19:55:00
1196,493.5080499999998,2017-05-16 19:56:00
1197,492.21868333333333,2017-05-16 19:57:00
1198,492.1402333333334,2017-05-16 19:58:00
1199,492.5747833333332,2017-05-16 19:59:00
1200,492.9876833333335,2017-05-16 20:00:00
1201,491.7019333333333,2017-05-16 20:01:00
1202,494.83691666666664,2017-05-16 20:02:00
1203,494.28021666666666,2017-05-16 20:03:00
1204,541.8023166666667,2017-05-16 20:04:00
1205,510.16454999999996,2017-05-16 20:05:00
1206,500.99523333333343,2017-05-16 20:06:00
1207,576.1976500000001,2017-05-16 20:07:00
1208,588.2959166666667,2017-05-16 20:08:00
1209,590.8392500000001,2017-05-16 20:09:00
1210,576.0427666666667,2017-05-16 20:10:00
1211,542.76875,2017-05-16 20:11:00
1212,545.6356833333334,2017-05-16 20:12:00
1213,536.4538833333331,2017-05-16 20:13:00
1214,539.6046833333332,2017-05-16 20:14:00
1215,543.0318833333333,2017-05-16 20:15:00
1216,451.53958333333327,2017-05-16 20:16:00
1217,422.41356666666667,2017-05-16 20:17:00
1218,422.83403333333337,2017-05-16 20:18:00
1219,421.26894999999996,2017-05-16 20:19:00
1220,408.5584499999999,2017-05-16 20:20:00
1221,413.10085,2017-05-16 20:21:00
1222,415.20099999999996,2017-05-16 20:22:00
1223,417.81353333333334,2017-05-16 20:23:00
1224,410.58626666666675,2017-05-16 20:24:00
1225,423.55966666666677,2017-05-16 20:25:00
1226,427.4241333333333,2017-05-16 20:26:00
1227,430.36976666666675,2017-05-16 20:27:00
1228,429.3162,2017-05-16 20:28:00
1229,427.5964000000001,2017-05-16 20:29:00
1230,427.7751333333333,2017-05-16 20:30:00
1231,429.8400666666667,2017-05-16 20:31:00
1232,430.6287833333333,2017-05-16 20:32:00
1233,431.4673999999999,2017-05-16 20:33:00
1234,431.4396499999999,2017-05-16 20:34:00
1235,408.19898333333333,2017-05-16 20:35:00
1236,401.2823666666667,2017-05-16 20:36:00
1237,437.0250833333333,2017-05-16 20:37:00
1238,444.98670000000004,2017-05-16 20:38:00
1239,339.80701666666675,2017-05-16 20:39:00
1240,295.60994999999997,2017-05-16 20:40:00
1241,310.6833666666666,2017-05-16 20:41:00
1242,398.69548333333324,2017-05-16 20:42:00
1243,435.3201999999999,2017-05-16 20:43:00
1244,451.95925000000005,2017-05-16 20:44:00
1245,478.5468833333333,2017-05-16 20:45:00
1246,497.1895166666666,2017-05-16 20:46:00
1247,491.3715500000002,2017-05-16 20:47:00
1248,493.62635,2017-05-16 20:48:00
1249,493.0137166666666,2017-05-16 20:49:00
1250,490.3798833333333,2017-05-16 20:50:00
1251,491.0054333333334,2017-05-16 20:51:00
1252,491.9788666666667,2017-05-16 20:52:00
1253,490.02106666666674,2017-05-16 20:53:00
1254,516.6824833333333,2017-05-16 20:54:00
1255,527.4738333333335,2017-05-16 20:55:00
1256,519.5671333333332,2017-05-16 20:56:00
1257,634.9526166666667,2017-05-16 20:57:00
1258,601.8259833333334,2017-05-16 20:58:00
1259,601.4624833333334,2017-05-16 20:59:00
1260,596.0705833333334,2017-05-16 21:00:00
1261,600.0240666666667,2017-05-16 21:01:00
1262,596.6748666666667,2017-05-16 21:02:00
1263,480.8011833333334,2017-05-16 21:03:00
1264,457.1310833333333,2017-05-16 21:04:00
1265,419.65206666666677,2017-05-16 21:05:00
1266,300.97264999999993,2017-05-16 21:06:00
1267,287.2346666666666,2017-05-16 21:07:00
1268,282.5214833333334,2017-05-16 21:08:00
1269,280.5314833333334,2017-05-16 21:09:00
1270,280.80626666666666,2017-05-16 21:10:00
1271,279.2381666666666,2017-05-16 21:11:00
1272,282.8468666666667,2017-05-16 21:12:00
1273,282.2869999999999,2017-05-16 21:13:00
1274,280.56218333333345,2017-05-16 21:14:00
1275,282.94943333333333,2017-05-16 21:15:00
1276,282.17175000000003,2017-05-16 21:16:00
1277,272.75363333333337,2017-05-16 21:17:00
1278,333.9037166666666,2017-05-16 21:18:00
1279,329.2480833333334,2017-05-16 21:19:00
1280,335.84326666666664,2017-05-16 21:20:00
1281,373.4171333333333,2017-05-16 21:21:00
1282,376.8045833333334,2017-05-16 21:22:00
1283,375.9169833333334,2017-05-16 21:23:00
1284,373.9759333333333,2017-05-16 21:24:00
1285,373.3557666666667,2017-05-16 21:25:00
1286,336.6099333333333,2017-05-16 21:26:00
1287,332.44935,2017-05-16 21:27:00
1288,358.60021666666665,2017-05-16 21:28:00
1289,504.84418333333326,2017-05-16 21:29:00
1290,398.2088333333333,2017-05-16 21:30:00
1291,456.823,2017-05-16 21:31:00
1292,457.27555,2017-05-16 21:32:00
1293,461.77995,2017-05-16 21:33:00
1294,460.6062333333334,2017-05-16 21:34:00
1295,476.0411166666667,2017-05-16 21:35:00
1296,474.36545,2017-05-16 21:36:00
1297,478.76030000000003,2017-05-16 21:37:00
1298,486.92853333333335,2017-05-16 21:38:00
1299,529.4115499999999,2017-05-16 21:39:00
1300,540.2075333333333,2017-05-16 21:40:00
1301,537.08185,2017-05-16 21:41:00
1302,537.6948666666666,2017-05-16 21:42:00
1303,538.5339166666668,2017-05-16 21:43:00
1304,517.25115,2017-05-16 21:44:00
1305,533.0454166666667,2017-05-16 21:45:00
1306,476.09658333333323,2017-05-16 21:46:00
1307,374.76216666666664,2017-05-16 21:47:00
1308,407.8757166666667,2017-05-16 21:48:00
1309,488.0801999999999,2017-05-16 21:49:00
1310,381.9992166666667,2017-05-16 21:50:00
1311,461.53855,2017-05-16 21:51:00
1312,414.93730000000005,2017-05-16 21:52:00
1313,354.81413333333336,2017-05-16 21:53:00
1314,398.39386666666667,2017-05-16 21:54:00
1315,379.89318333333335,2017-05-16 21:55:00
1316,426.7629333333333,2017-05-16 21:56:00
1317,378.30898333333334,2017-05-16 21:57:00
1318,350.6259,2017-05-16 21:58:00
1319,351.83910000000003,2017-05-16 21:59:00
1320,308.63451666666674,2017-05-16 22:00:00
1321,250.74033333333335,2017-05-16 22:01:00
1322,290.60303333333337,2017-05-16 22:02:00
1323,295.34543333333323,2017-05-16 22:03:00
1324,299.42696666666666,2017-05-16 22:04:00
1325,343.4694,2017-05-16 22:05:00
1326,331.3166666666667,2017-05-16 22:06:00
1327,373.6499333333333,2017-05-16 22:07:00
1328,421.1548,2017-05-16 22:08:00
1329,399.4937333333333,2017-05-16 22:09:00
1330,398.06226666666674,2017-05-16 22:10:00
1331,407.9122166666665,2017-05-16 22:11:00
1332,428.1390000000001,2017-05-16 22:12:00
1333,390.22488333333314,2017-05-16 22:13:00
1334,349.45298333333335,2017-05-16 22:14:00
1335,337.1430666666667,2017-05-16 22:15:00
1336,325.9896833333333,2017-05-16 22:16:00
1337,323.1237833333334,2017-05-16 22:17:00
1338,341.85958333333326,2017-05-16 22:18:00
1339,342.42096666666674,2017-05-16 22:19:00
1340,341.5962666666665,2017-05-16 22:20:00
1341,467.0015000000001,2017-05-16 22:21:00
1342,392.1454000000001,2017-05-16 22:22:00
1343,386.81323333333324,2017-05-16 22:23:00
1344,349.92291666666665,2017-05-16 22:24:00
1345,334.8527833333333,2017-05-16 22:25:00
1346,339.16006666666664,2017-05-16 22:26:00
1347,335.8341,2017-05-16 22:27:00
1348,312.93645,2017-05-16 22:28:00
1349,309.1546166666667,2017-05-16 22:29:00
1350,309.39565,2017-05-16 22:30:00
1351,308.6698166666667,2017-05-16 22:31:00
1352,308.3891833333334,2017-05-16 22:32:00
1353,308.2949,2017-05-16 22:33:00
1354,307.3170666666666,2017-05-16 22:34:00
1355,306.6511833333334,2017-05-16 22:35:00
1356,304.0465499999999,2017-05-16 22:36:00
1357,303.7056666666666,2017-05-16 22:37:00
1358,302.55665000000005,2017-05-16 22:38:00
1359,303.14093333333335,2017-05-16 22:39:00
1360,295.34725,2017-05-16 22:40:00
1361,289.29196666666667,2017-05-16 22:41:00
1362,289.74825,2017-05-16 22:42:00
1363,289.3116333333333,2017-05-16 22:43:00
1364,289.48848333333336,2017-05-16 22:44:00
1365,291.1738833333334,2017-05-16 22:45:00
1366,289.8343833333332,2017-05-16 22:46:00
1367,276.91945000000004,2017-05-16 22:47:00
1368,270.1386666666666,2017-05-16 22:48:00
1369,271.6219166666666,2017-05-16 22:49:00
1370,270.79738333333336,2017-05-16 22:50:00
1371,270.76874999999995,2017-05-16 22:51:00
1372,269.8177333333333,2017-05-16 22:52:00
1373,270.7098166666666,2017-05-16 22:53:00
1374,264.82176666666675,2017-05-16 22:54:00
1375,256.6514833333333,2017-05-16 22:55:00
1376,256.43631666666676,2017-05-16 22:56:00
1377,255.40213333333332,2017-05-16 22:57:00
1378,271.8755,2017-05-16 22:58:00
1379,328.2414500000001,2017-05-16 22:59:00
1380,344.94191666666666,2017-05-16 23:00:00
1381,350.89183333333335,2017-05-16 23:01:00
1382,359.7872999999999,2017-05-16 23:02:00
1383,364.9049166666667,2017-05-16 23:03:00
1384,360.7324666666666,2017-05-16 23:04:00
1385,362.7233166666666,2017-05-16 23:05:00
1386,440.2002,2017-05-16 23:06:00
1387,470.68313333333344,2017-05-16 23:07:00
1388,449.2777666666666,2017-05-16 23:08:00
1389,550.92405,2017-05-16 23:09:00
1390,534.1708333333336,2017-05-16 23:10:00
1391,520.4349500000001,2017-05-16 23:11:00
1392,433.81043333333344,2017-05-16 23:12:00
1393,365.94008333333323,2017-05-16 23:13:00
1394,365.1650333333333,2017-05-16 23:14:00
1395,364.5255000000001,2017-05-16 23:15:00
1396,374.6659000000001,2017-05-16 23:16:00
1397,464.0827333333334,2017-05-16 23:17:00
1398,320.12468333333334,2017-05-16 23:18:00
1399,316.9453500000001,2017-05-16 23:19:00
1400,319.3791333333333,2017-05-16 23:20:00
1401,320.90583333333325,2017-05-16 23:21:00
1402,320.6383166666666,2017-05-16 23:22:00
1403,320.45314999999994,2017-05-16 23:23:00
1404,320.8630000000001,2017-05-16 23:24:00
1405,335.30056666666655,2017-05-16 23:25:00
1406,351.2205833333334,2017-05-16 23:26:00
1407,349.4672833333332,2017-05-16 23:27:00
1408,347.09773333333334,2017-05-16 23:28:00
1409,345.02309999999994,2017-05-16 23:29:00
1410,342.89048333333335,2017-05-16 23:30:00
1411,342.7821,2017-05-16 23:31:00
1412,344.3095666666665,2017-05-16 23:32:00
1413,359.88366666666667,2017-05-16 23:33:00
1414,359.4507333333333,2017-05-16 23:34:00
1415,358.08013333333326,2017-05-16 23:35:00
1416,356.64580000000007,2017-05-16 23:36:00
1417,359.38814999999994,2017-05-16 23:37:00
1418,360.2414166666666,2017-05-16 23:38:00
1419,361.3025166666668,2017-05-16 23:39:00
1420,361.18463333333324,2017-05-16 23:40:00
1421,364.50449999999995,2017-05-16 23:41:00
1422,355.57313333333343,2017-05-16 23:42:00
1423,286.2586166666667,2017-05-16 23:43:00
1424,241.0877833333333,2017-05-16 23:44:00
1425,239.32946666666666,2017-05-16 23:45:00
1426,239.66963333333325,2017-05-16 23:46:00
1427,239.44303333333335,2017-05-16 23:47:00
1428,241.5931499999999,2017-05-16 23:48:00
1429,242.61056666666673,2017-05-16 23:49:00
1430,242.6305166666667,2017-05-16 23:50:00
1431,242.40808333333337,2017-05-16 23:51:00
1432,242.7077,2017-05-16 23:52:00
1433,242.81344999999996,2017-05-16 23:53:00
1434,243.32706666666664,2017-05-16 23:54:00
1435,243.64443333333332,2017-05-16 23:55:00
1436,242.88400000000004,2017-05-16 23:56:00
1437,246.7283333333334,2017-05-16 23:57:00
1438,272.3002,2017-05-16 23:58:00
1439,300.00008333333346,2017-05-16 23:59:00
